{
  "$schema": "http://json-schema.org/draft-04/schema#",
  "title": "prepareCheckCreateParameters",
  "type": "object",
  "properties": {
    "address": {
      "$ref": "address",
      "description": "The address of the account that is creating the transaction."
    },
    "checkCreate": {
      "$ref": "checkCreate",
      "description": "The specification of the Check create creation to prepare."
    },
    "instructions": {"$ref": "instructions"}
  },
  "additionalProperties": false,
  "required": ["address", "checkCreate"]
}
